GuestID,PhoneNumber,City,StateCountry,JoiningYear
G1001,+11072685327,Houston,Australia,2020
G1002,+11815053866,London,US,2019
G1003,+11011780669,Houston,US,2022
G1004,+11179644095,London,US,2021
G1005,+11408486934,Los Angeles,Canada,2018
G1006,+11372862690,New York,Germany,2017
G1007,+11397367096,Toronto,US,2024
G1008,+11010462600,New York,US,2019
G1009,+11653746180,Los Angeles,US,2017
G1010,+11093572113,London,US,2015
G1011,+11917421517,Berlin,UK,2023
G1012,+11600574940,Houston,US,2020
G1013,+11938878685,New York,US,2015
G1014,+11970822736,London,Australia,2021
G1015,+11337823352,Houston,US,2022
G1016,+11529496708,Los Angeles,US,2017
G1017,+11994183518,New York,US,2022
G1018,+11866968346,London,US,2020
G1019,+11372806938,Los Angeles,US,2019
G1020,+11696699231,Toronto,Germany,2022
G1021,+11352194948,Los Angeles,US,2018
G1022,+11067107549,Houston,US,2015
G1023,+11478479537,Chicago,US,2018
G1024,+11551146066,London,US,2020
G1025,+11773058010,Berlin,US,2015
G1026,+11211300940,New York,Australia,2022
G1027,+11701675225,New York,US,2018
G1028,+11371674217,New York,US,2024
G1029,+11636260010,Houston,Germany,2017
G1030,+11269136914,London,US,2022
G1031,+11161300346,Toronto,US,2019
G1032,+11282232769,Chicago,UK,2020
G1033,+11464168737,Miami,US,2016
G1034,+11733149290,Houston,US,2020
G1035,+11942498153,Toronto,US,2020
G1036,+11064432411,Toronto,Australia,2017
G1037,+11217241204,Chicago,Australia,2018
G1038,+11738901726,Berlin,US,2022
G1039,+11394152864,Los Angeles,UK,2020
G1040,+11072691895,Miami,US,2021
G1041,+11540406090,Toronto,US,2022
G1042,+11713359987,Houston,US,2023
G1043,+11849734837,Berlin,US,2024
G1044,+11712720806,London,Australia,2023
G1045,+11806084074,Houston,US,2022
G1046,+11590476397,Miami,Canada,2023
G1047,+11531882342,London,Germany,2022
G1048,+11393187591,Los Angeles,US,2015
G1049,+11694830136,New York,Australia,2019
G1050,+11247440395,Houston,Australia,2017
G1051,+11217045719,New York,US,2020
G1052,+11679110630,Toronto,US,2016
G1053,+11399137707,Houston,US,2023
G1054,+11785895448,Los Angeles,US,2018
G1055,+11149924484,Houston,US,2021
G1056,+11473325466,Berlin,US,2017
G1057,+11750578234,Chicago,US,2020
G1058,+11055452405,Chicago,US,2017
G1059,+11674239784,Toronto,US,2015
G1060,+11885251058,Toronto,US,2023
G1061,+11489528828,Houston,Canada,2018
G1062,+11504175799,Chicago,US,2019
G1063,+11070942469,Chicago,US,2021
G1064,+11338118066,Toronto,Canada,2021
G1065,+11008870981,Berlin,US,2018
G1066,+11863209266,Houston,US,2018
G1067,+11401804627,Berlin,US,2023
G1068,+11644306440,Houston,Canada,2018
G1069,+11715886499,Chicago,US,2019
G1070,+11224913265,Houston,US,2015
G1071,+11888721242,London,US,2019
G1072,+11158532281,Toronto,US,2023
G1073,+11641574788,Toronto,US,2022
G1074,+11004075716,Berlin,US,2020
G1075,+11193557160,Los Angeles,US,2018
G1076,+11487152960,Chicago,US,2021
G1077,+11155683748,Los Angeles,US,2017
G1078,+11296368800,Chicago,Canada,2019
G1079,+11854921980,Los Angeles,UK,2021
G1080,+11754894499,London,Germany,2017
G1081,+11370406001,Los Angeles,US,2021
G1082,+11648582072,Toronto,US,2018
G1083,+11945939883,Berlin,US,2015
G1084,+11142379933,London,Canada,2024
G1085,+11547820733,New York,US,2023
G1086,+11510700481,Chicago,US,2022
G1087,+11991702693,New York,US,2017
G1088,+11968957410,Miami,US,2022
G1089,+11321391684,Berlin,US,2015
G1090,+11570768567,Miami,Canada,2020
G1091,+11320105559,Houston,US,2015
G1092,+11753906773,London,US,2021
G1093,+11960205192,Los Angeles,Germany,2023
G1094,+11539624014,New York,US,2022
G1095,+11612506298,Berlin,US,2020
G1096,+11442157873,Miami,US,2019
G1097,+11106778797,New York,US,2024
G1098,+11936932215,Houston,US,2019
G1099,+11483303220,Berlin,Canada,2021
G1100,+11556974940,Miami,Australia,2024
G1101,+11328662443,Chicago,US,2022
G1102,+11361133838,Berlin,US,2016
G1103,+11829133660,Miami,US,2019
G1104,+11822335836,Los Angeles,US,2024
G1105,+11814910303,Miami,US,2015
G1106,+11976535441,Miami,US,2019
G1107,+11720583493,Houston,UK,2017
G1108,+11448496388,Los Angeles,US,2015
G1109,+11610995214,Berlin,US,2023
G1110,+11299200907,Chicago,US,2020
G1111,+11427740199,London,US,2024
G1112,+11875027468,Berlin,US,2020
G1113,+11284957677,Miami,UK,2020
G1114,+11755153001,Berlin,US,2022
G1115,+11413365415,New York,US,2015
G1116,+11941558513,Berlin,US,2016
G1117,+11689723029,New York,US,2021
G1118,+11907284895,Miami,US,2016
G1119,+11096567907,Miami,US,2018
G1120,+11031753891,Toronto,US,2017
G1121,+11088327850,Chicago,Australia,2017
G1122,+11697007965,Berlin,US,2021
G1123,+11453897213,Los Angeles,Australia,2021
G1124,+11255145317,Chicago,US,2020
G1125,+11375128093,London,US,2017
G1126,+11562644613,London,Australia,2016
G1127,+11546018192,Miami,US,2016
G1128,+11711760925,Los Angeles,US,2016
G1129,+11381886247,Miami,US,2016
G1130,+11172503220,New York,US,2022
G1131,+11699016173,London,US,2021
G1132,+11138502636,Houston,US,2019
G1133,+11745393569,Toronto,US,2019
G1134,+11878016939,Los Angeles,US,2020
G1135,+11141006957,Miami,US,2024
G1136,+11683532643,London,US,2019
G1137,+11891453981,Houston,Australia,2019
G1138,+11644408087,Chicago,US,2021
G1139,+11259316242,Los Angeles,UK,2018
G1140,+11144137003,Houston,US,2024
G1141,+11523903746,London,US,2016
G1142,+11657099855,Chicago,US,2021
G1143,+11687163070,New York,US,2018
G1144,+11886216537,Toronto,US,2018
G1145,+11776541755,Toronto,US,2016
G1146,+11986663274,Houston,US,2021
G1147,+11268091642,Miami,Australia,2017
G1148,+11885381491,Miami,US,2021
G1149,+11409352094,Chicago,US,2018
G1150,+11858985481,Los Angeles,US,2015
G1151,+11509283819,New York,US,2018
G1152,+11328760392,London,US,2023
G1153,+11644398343,Miami,Australia,2017
G1154,+11923576622,New York,US,2015
G1155,+11600256176,Houston,US,2018
G1156,+11279378416,Berlin,US,2023
G1157,+11218644344,Miami,US,2020
G1158,+11983112707,Berlin,US,2020
G1159,+11865607819,London,US,2022
G1160,+11027244060,Chicago,US,2015
